{
    "profit_closed_coin": -233.1454475,
    "profit_closed_percent_mean": -0.17,
    "profit_closed_ratio_mean": -0.0017259337596389544,
    "profit_closed_percent_sum": -25.72,
    "profit_closed_ratio_sum": -0.25716413018620427,
    "profit_closed_percent": -23.31,
    "profit_closed_ratio": -0.2331454475,
    "profit_closed_fiat": -233.37859294749995,
    "profit_all_coin": -233.1454475,
    "profit_all_percent_mean": -0.17,
    "profit_all_ratio_mean": -0.0017259337596389544,
    "profit_all_percent_sum": -25.72,
    "profit_all_ratio_sum": -0.25716413018620427,
    "profit_all_percent": -23.31,
    "profit_all_ratio": -0.2331454475,
    "profit_all_fiat": -233.37859294749995,
    "trade_count": 149,
    "closed_trade_count": 149,
    "first_trade_date": "a year ago",
    "first_trade_timestamp": 1626021644985,
    "latest_trade_date": "5 days ago",
    "latest_trade_timestamp": 1661828800529,
    "avg_duration": "7:59:54",
    "best_pair": "DOT/USDT",
    "best_rate": 13.31,
    "best_pair_profit_ratio": 0.13306229586612298,
    "winning_trades": 6,
    "losing_trades": 143,
    "profit_factor": 0.2556546553155618,
    "max_drawdown": 0.254347411553074,
    "max_drawdown_abs": 261.57955258000004,
    "trading_volume": 100575.40924053731
}
